Date,Open,High,Low,Close,Volume
2023-02-06,33.6,34.06,33.1,33.46,741800
2023-02-07,33.31,33.36,31.83,33.1,1443500
2023-02-08,33.06,33.06,31.01,31.08,938000
2023-02-09,31.53,31.95,30.22,30.33,1310600
2023-02-10,30.0,30.56,28.37,29.08,1787900
2023-02-13,29.12,29.82,28.64,29.02,933100
2023-02-14,28.54,29.9,28.25,29.65,934600
2023-02-15,29.6,30.74,29.35,30.52,1271600
2023-02-16,29.67,30.57,29.42,29.91,1234800
2023-02-17,29.82,29.9,28.93,29.34,1087900
2023-02-21,28.88,29.3,27.86,28.1,1187800
2023-02-22,28.2,28.98,27.89,28.17,1068300
2023-02-23,29.42,30.1,28.75,29.95,1405000
2023-02-24,29.47,30.735,29.11,30.53,1301500
2023-02-27,30.8,31.615,30.33,30.49,1653300
2023-02-28,30.46,31.11,30.175,30.74,1955000
2023-03-01,32.7,32.73,27.55,28.59,4519300
2023-03-02,28.76,29.07,27.66,28.83,2160000
2023-03-03,28.67,29.39,28.03,28.95,1330100
2023-03-06,29.06,29.55,28.55,29.32,1134300
2023-03-07,29.2,29.55,28.83,29.15,1034800
2023-03-08,29.12,29.23,28.35,28.54,975200
2023-03-09,28.53,28.8,27.22,27.32,905700
2023-03-10,27.32,27.56,25.86,26.05,1283900
2023-03-13,25.8,26.76,25.37,26.34,1348100
2023-03-14,27.13,27.56,25.94,26.42,1282800
2023-03-15,25.82,26.13,25.3,25.49,1172800
2023-03-16,25.22,25.89,24.91,25.32,1611600
2023-03-17,25.27,25.605,23.95,24.55,2011700
2023-03-20,24.56,24.61,23.4,23.51,1877000
2023-03-21,24.1,24.45,23.59,24.06,1606800
2023-03-22,24.01,24.19,22.69,22.81,2134400
2023-03-23,23.15,23.365,22.67,23.15,2584100
2023-03-24,22.94,23.62,22.84,23.49,971600
2023-03-27,23.96,25.29,23.74,25.29,2153400
2023-03-28,25.15,25.45,24.665,25.23,1089200
2023-03-29,25.6,25.83,25.05,25.63,805500
2023-03-30,26.03,26.34,25.67,25.76,784600
2023-03-31,26.0,26.51,25.81,26.17,923400
2023-04-03,26.01,26.31,25.49,25.73,633700
2023-04-04,25.81,25.91,24.69,24.95,606800
2023-04-05,24.69,24.82,23.9,24.07,899900
2023-04-06,24.11,24.11,23.5,23.69,1251300
2023-04-10,23.68,25.07,23.45,24.97,1106100
2023-04-11,24.86,25.47,24.86,25.18,725100
2023-04-12,27.29,27.93,24.8,25.12,1424000
2023-04-13,25.26,26.661,25.26,26.49,1493100
2023-04-14,26.49,26.95,26.02,26.38,949700
2023-04-17,26.21,26.81,26.03,26.66,701900
2023-04-18,26.9,26.91,26.11,26.24,860800
2023-04-19,25.9,26.12,25.45,25.95,596600
2023-04-20,25.52,26.18,25.2,25.22,1089800
2023-04-21,25.07,25.94,25.0,25.91,643900
2023-04-24,25.53,26.095,25.03,26.04,623000
2023-04-25,25.77,25.77,24.25,24.25,1214600
2023-04-26,24.49,25.005,24.16,24.28,620300
2023-04-27,24.49,25.04,24.13,24.76,560200
2023-04-28,24.62,24.83,24.01,24.19,1203300
2023-05-01,24.15,24.38,23.83,24.27,1014600
2023-05-02,24.11,24.11,23.41,23.42,1043900
2023-05-03,23.56,24.89,23.345,24.13,1304000
2023-05-04,24.02,24.5,23.75,24.23,811400
2023-05-05,24.67,25.47,24.47,25.03,1804100
2023-05-08,25.19,26.52,25.176,25.82,2080400
2023-05-09,24.98,25.288,23.05,23.87,3906400
2023-05-10,24.22,25.12,24.024,25.01,1438100
2023-05-11,24.9,25.49,24.58,25.44,979000
2023-05-12,25.65,25.828,24.68,25.01,1285800
2023-05-15,24.87,25.515,24.8,25.04,756600
2023-05-16,24.83,25.16,24.6,24.82,1007800
2023-05-17,24.73,26.11,24.61,26.08,1550900
2023-05-18,26.37,27.73,26.205,26.93,3114700
2023-05-19,26.97,26.97,24.77,25.23,1477100
2023-05-22,25.04,25.86,24.875,25.55,1032200
2023-05-23,25.28,26.13,25.24,25.35,812200
2023-05-24,25.0,25.56,24.71,25.46,958300
2023-05-25,25.78,25.99,25.1,25.14,1081900
2023-05-26,24.84,25.47,24.7,25.09,1015300
2023-05-30,25.13,25.2,24.36,24.65,771400
2023-05-31,24.5,25.1,24.41,24.71,2859500
2023-06-01,24.46,24.75,24.095,24.51,818200
2023-06-02,24.85,25.05,24.26,24.73,1406700
2023-06-05,24.38,24.82,24.21,24.49,1108800
2023-06-06,24.04,24.68,23.91,24.38,930000
2023-06-07,24.49,25.04,23.944,23.99,1340700
2023-06-08,23.96,24.315,23.72,23.83,961300
2023-06-09,23.9,24.29,23.46,23.47,816500
2023-06-12,23.6,24.86,23.49,24.6,1614400
2023-06-13,24.84,25.35,24.61,25.08,1713600
2023-06-14,25.0,25.08,24.48,24.8,1092900
2023-06-15,24.71,25.19,24.55,24.9,1087000
2023-06-16,25.22,25.22,24.01,24.2,1983500
2023-06-20,24.04,24.345,23.65,24.06,1044500
2023-06-21,23.89,23.89,23.16,23.54,1677100
2023-06-22,23.54,23.83,23.33,23.41,993600
2023-06-23,23.16,23.39,22.61,22.72,3892400
2023-06-26,22.64,23.07,22.53,22.61,901400
2023-06-27,22.88,23.28,22.65,22.96,1280100
2023-06-28,22.93,23.47,22.92,23.15,1559100
2023-06-29,23.2,24.08,23.059,23.38,1107500
2023-06-30,23.72,23.85,23.07,23.17,1471100
2023-07-03,23.09,23.272,22.94,23.09,926200
2023-07-05,23.0,23.03,22.495,22.69,885500
2023-07-06,22.39,22.58,21.939,22.33,1078300
2023-07-07,22.28,22.79,22.28,22.37,797300
2023-07-10,22.44,22.96,22.375,22.91,1480800
2023-07-11,23.14,25.1,23.01,25.05,1351500
2023-07-12,25.5,25.68,24.84,25.38,1117000
2023-07-13,25.7,26.07,25.33,25.52,1607100
2023-07-14,25.59,25.74,25.01,25.01,1070300
2023-07-17,24.93,25.09,24.36,24.53,1464000
2023-07-18,24.52,24.7,23.58,23.77,1200400
2023-07-19,24.11,24.405,23.3,23.54,1042300
2023-07-20,23.47,23.54,22.56,22.57,945800
2023-07-21,22.63,22.815,22.32,22.6,1033400
2023-07-24,22.98,23.48,22.87,23.08,1102000
2023-07-25,23.05,23.23,22.585,22.74,1665900
2023-07-26,22.73,23.06,22.66,22.89,751800
2023-07-27,23.2,23.95,22.99,23.5,1553000
2023-07-28,23.68,24.48,22.77,22.86,2063000
2023-07-31,22.79,23.75,22.77,23.71,1562700
2023-08-01,23.47,23.47,22.72,22.73,1639500
2023-08-02,27.19,27.75,23.95,24.0,6853900
2023-08-03,24.2,25.23,24.09,24.49,1591300
2023-08-04,24.68,24.68,23.2,23.4,1830500
2023-08-07,23.38,23.549,22.93,23.39,1334400
2023-08-08,23.0,23.48,22.88,23.47,1015200
2023-08-09,23.21,23.349,22.59,22.8,1041800
2023-08-10,23.18,23.36,22.76,22.97,1122000
2023-08-11,22.83,23.87,22.79,23.66,1162600
2023-08-14,23.46,23.96,23.37,23.81,964600
2023-08-15,23.63,23.8,23.19,23.24,589100
2023-08-16,23.12,23.36,22.65,22.67,966000
2023-08-17,22.92,22.96,22.251,22.32,902400
2023-08-18,22.09,22.86,21.99,22.79,898900
2023-08-21,22.66,22.91,21.795,21.99,1727700
2023-08-22,22.11,22.23,21.46,22.0,1457900
2023-08-23,22.01,22.205,21.88,22.06,1083700
2023-08-24,22.07,22.175,21.72,21.85,696100
2023-08-25,22.0,22.155,21.55,21.59,741700
2023-08-28,21.5,22.11,21.5,21.7,738800
2023-08-29,21.69,22.16,21.63,21.83,940100
2023-08-30,21.79,22.21,21.74,22.09,933800
2023-08-31,22.07,22.259,21.65,21.74,1128600
2023-09-01,21.96,22.13,21.6,21.76,871200
2023-09-05,21.55,21.71,21.38,21.66,687700
2023-09-06,21.5,21.71,20.93,20.95,908000
2023-09-07,20.67,21.125,20.52,21.06,933700
2023-09-08,21.06,21.46,20.95,21.23,735700
2023-09-11,21.35,21.475,20.96,21.17,796100
2023-09-12,21.01,21.369,21.01,21.22,809600
2023-09-13,21.12,21.27,20.87,21.1,2055700
2023-09-14,21.29,21.44,20.814,20.98,1386700
2023-09-15,20.98,21.1,20.855,21.02,1048700
2023-09-18,20.9,21.18,20.74,20.78,1657200
2023-09-19,20.74,20.805,20.18,20.45,976400
2023-09-20,20.55,20.7,19.85,19.87,692500
2023-09-21,19.35,19.565,18.56,18.75,1664600
2023-09-22,18.95,19.05,18.56,18.71,915500
2023-09-25,18.59,19.02,18.48,18.8,1492200
2023-09-26,18.63,19.0,18.37,18.43,870600
2023-09-27,18.53,18.68,17.92,18.14,1071300
2023-09-28,18.08,18.644,17.775,18.54,965700
2023-09-29,18.65,19.09,18.51,19.04,981700
2023-10-02,18.95,19.04,17.79,17.89,1211600
2023-10-03,17.72,18.17,17.05,17.35,1504500
2023-10-04,17.44,17.86,17.355,17.61,1085000
2023-10-05,17.47,17.56,16.77,17.17,907800
2023-10-06,16.79,17.47,15.28,16.97,4508500
2023-10-09,16.77,17.53,16.493,17.3,1367300
2023-10-10,17.35,17.81,17.2,17.68,917800
2023-10-11,17.62,17.7,17.21,17.49,1095600
2023-10-12,17.5,17.53,17.0,17.25,1326100
2023-10-13,17.2,17.24,16.61,16.69,1317800
2023-10-16,16.87,17.62,16.59,17.33,791900
2023-10-17,17.52,18.66,17.36,18.26,1048200
2023-10-18,18.15,18.27,17.785,17.86,721400
2023-10-19,17.92,18.14,17.54,17.58,793500
2023-10-20,17.48,17.48,16.685,16.81,920000
2023-10-23,16.71,17.57,16.55,17.3,729500
2023-10-24,17.51,18.02,17.51,17.72,756700
2023-10-25,17.36,17.51,16.405,16.52,1084600
2023-10-26,16.57,16.8,16.17,16.64,998500
2023-10-27,16.74,17.01,16.3,16.52,859100
2023-10-30,16.79,16.9,16.37,16.51,667200
2023-10-31,16.65,16.91,16.29,16.82,1096900
2023-11-01,16.75,17.16,16.28,17.0,1542400
2023-11-02,17.54,17.824,17.122,17.57,1674800
2023-11-03,17.89,18.48,17.87,18.08,1401900
2023-11-06,18.0,18.28,17.39,17.4,933900
2023-11-07,17.71,18.19,17.405,17.76,1405800
2023-11-08,20.92,21.0,19.28,19.35,4471200
2023-11-09,19.42,19.48,18.552,18.65,1707300
2023-11-10,18.62,19.77,18.6,19.5,1943200
2023-11-13,19.15,19.29,18.72,19.28,1538600
2023-11-14,20.0,20.44,19.7,20.21,1617100
2023-11-15,19.62,20.49,19.55,19.89,2270700
2023-11-16,19.75,19.85,18.94,19.73,1618800
2023-11-17,19.81,19.93,19.465,19.5,1007000
2023-11-20,19.53,19.85,19.4,19.84,1199300
2023-11-21,19.74,20.02,19.5,19.88,1068800
2023-11-22,20.08,20.266,19.72,19.87,795300
2023-11-24,19.83,20.28,19.69,20.26,402500
2023-11-27,19.97,20.32,19.93,20.07,859400
2023-11-28,20.04,20.425,19.84,20.31,728100
2023-11-29,20.55,21.52,20.55,21.45,1030300
2023-11-30,21.6,21.69,21.14,21.33,867000
2023-12-01,21.29,22.18,21.08,21.98,1160300
2023-12-04,21.86,22.33,21.86,22.11,1000900
2023-12-05,21.98,22.0,21.29,21.5,847100
2023-12-06,21.66,21.94,21.42,21.43,725500
2023-12-07,21.4,21.54,21.06,21.36,667700
2023-12-08,21.26,21.84,21.22,21.78,522800
2023-12-11,21.67,22.05,21.573,21.98,789300
2023-12-12,22.0,22.535,21.73,22.52,860500
2023-12-13,22.57,23.4,22.03,23.15,1235500
2023-12-14,23.5,24.21,23.13,23.37,978400
2023-12-15,23.54,23.615,22.385,22.42,1764500
2023-12-18,22.42,22.58,22.13,22.36,883500
2023-12-19,22.76,23.37,22.11,22.33,993000
2023-12-20,21.78,22.39,21.36,21.43,1394500
2023-12-21,21.72,21.75,21.23,21.64,1166500
2023-12-22,21.71,22.25,21.57,21.8,610200
2023-12-26,21.83,21.98,21.54,21.75,1239800
2023-12-27,21.76,21.76,21.195,21.47,844100
2023-12-28,21.31,21.49,21.03,21.05,854000
2023-12-29,20.99,21.135,20.42,20.65,1256100
2024-01-02,20.37,20.68,20.09,20.44,1686300
2024-01-03,20.13,20.845,20.0,20.25,1199600
2024-01-04,20.1,21.29,19.95,21.16,1092200
2024-01-05,20.96,22.08,20.93,21.57,1457100
2024-01-08,21.65,22.12,21.23,21.98,2105400
2024-01-09,21.57,22.28,21.57,22.22,742600
2024-01-10,22.21,22.29,21.67,22.08,697100
2024-01-11,22.1,22.24,21.7,22.19,624900
2024-01-12,22.31,22.57,21.62,21.64,528400
2024-01-16,21.59,21.66,21.01,21.18,644500
2024-01-17,20.94,21.005,20.14,20.39,720100
2024-01-18,20.58,20.76,20.18,20.22,977200
2024-01-19,20.28,20.365,19.58,19.93,892000
2024-01-22,20.12,20.715,19.57,19.76,1951400
2024-01-23,20.04,20.13,19.1,19.15,2027300
2024-01-24,19.44,20.04,19.25,19.63,3084500
2024-01-25,19.91,20.44,19.62,19.77,1066500
2024-01-26,19.9,20.16,19.8,19.86,701500
2024-01-29,19.85,20.4,19.71,20.39,812200
2024-01-30,20.29,20.38,19.72,19.75,1315700
2024-01-31,19.64,19.69,18.99,19.03,1465300
2024-02-01,19.1,19.77,18.74,19.73,1235200
2024-02-02,19.5,19.81,19.21,19.6,2272800
2024-02-05,19.4,19.54,19.01,19.33,1571000
2024-02-06,19.28,19.78,19.2,19.52,1322700
2024-02-07,19.59,19.63,19.14,19.15,965000
2024-02-08,19.15,19.56,18.885,19.3,1156200
2024-02-09,19.5,19.66,19.255,19.54,1352900
2024-02-12,19.57,19.98,19.54,19.93,993700
2024-02-13,19.23,19.52,19.01,19.31,1663200
2024-02-14,19.74,20.482,19.59,20.4,1766400
2024-02-15,20.69,20.84,20.17,20.35,1119400
2024-02-16,19.97,20.025,19.21,19.22,1461000
2024-02-20,19.06,19.2,18.1,18.13,2056400
2024-02-21,18.03,18.24,17.83,18.12,1875300
2024-02-22,18.37,18.488,18.035,18.1,912600
2024-02-23,18.07,18.49,18.0,18.11,1047100
2024-02-26,18.11,18.36,17.885,18.06,2239800
2024-02-27,18.2,18.79,18.11,18.42,2186800
2024-02-28,17.99,19.75,17.46,18.6,4159900
2024-02-29,18.75,19.43,18.2,19.25,3158000
2024-03-01,19.19,19.19,18.27,18.36,3333500
2024-03-04,18.44,18.995,18.17,18.92,2572000
2024-03-05,18.82,19.58,18.76,19.33,2135900
2024-03-06,19.52,20.01,19.3,19.89,1758000
2024-03-07,20.06,20.245,19.9,19.91,1291600
2024-03-08,20.11,20.61,20.06,20.4,1083600
2024-03-11,20.41,20.91,20.365,20.57,932100
2024-03-12,20.53,20.63,20.11,20.16,1036500
2024-03-13,20.06,20.49,19.83,19.86,1984500
2024-03-14,19.86,20.04,19.03,19.24,2008800
2024-03-15,19.03,19.485,18.88,19.29,2720600
2024-03-18,19.28,19.473,19.05,19.32,1077600
2024-03-19,19.17,19.35,18.935,19.05,1200700
2024-03-20,19.05,19.51,19.05,19.25,1117000
2024-03-21,19.33,19.48,18.81,18.88,1426800
2024-03-22,20.17,20.64,19.725,20.5,2858800
2024-03-25,20.83,21.63,20.83,21.25,2121300
2024-03-26,21.69,21.88,21.18,21.42,1752000
2024-03-27,21.61,21.83,21.08,21.15,1201300
2024-03-28,20.98,21.6,20.93,21.27,917800
2024-04-01,21.18,21.285,20.47,20.84,1140200
2024-04-02,20.43,20.43,19.325,19.47,1813700
2024-04-03,19.31,19.39,18.93,19.23,1373300
2024-04-04,19.44,19.855,19.12,19.27,1039500
2024-04-05,19.16,19.46,19.12,19.22,737600
2024-04-08,19.5,20.17,19.37,19.74,1916400
2024-04-09,19.7,20.28,19.7,20.16,1094900
2024-04-10,19.66,20.04,19.61,19.74,1231900
2024-04-11,19.8,19.99,19.51,19.79,804200
2024-04-12,19.67,19.77,19.37,19.37,968200
2024-04-15,19.35,19.49,18.515,18.61,1538900
2024-04-16,18.59,19.31,18.47,18.99,1194500
2024-04-17,19.03,19.21,18.79,18.81,1079100
2024-04-18,18.75,18.98,18.16,18.31,1564700
2024-04-19,18.25,18.57,17.77,17.78,1474000
2024-04-22,17.92,18.095,17.69,17.8,1823400
2024-04-23,17.83,18.19,17.71,17.85,1543200
2024-04-24,18.0,18.11,17.68,17.79,1621200
2024-04-25,17.56,17.615,17.195,17.2,1350500
2024-04-26,17.27,17.59,17.0,17.54,2165100
2024-04-29,17.67,17.939,17.29,17.6,2082600
2024-04-30,17.45,17.85,17.41,17.47,1339700
2024-05-01,17.4,17.86,17.23,17.54,970300
2024-05-02,17.71,17.9,17.48,17.85,1091000
2024-05-03,18.39,18.48,17.53,17.61,1706800
2024-05-06,17.85,18.065,17.69,17.88,1697300
2024-05-07,18.02,18.1,17.53,18.08,2976300
2024-05-08,18.99,19.0,16.05,17.18,6561000
2024-05-09,17.34,18.0,17.34,17.89,3102000
2024-05-10,17.9,17.945,16.95,16.96,2283900
2024-05-13,17.15,17.78,17.15,17.75,2688200
2024-05-14,17.98,18.54,17.625,17.8,1641800
2024-05-15,18.09,18.16,17.31,17.66,1569500
2024-05-16,17.66,17.88,17.25,17.43,1139000
2024-05-17,17.48,17.52,17.255,17.29,791000
2024-05-20,17.26,17.54,17.21,17.32,925100
2024-05-21,17.19,17.32,16.93,17.08,1787700
2024-05-22,17.04,17.45,17.04,17.1,1175800
2024-05-23,17.1,17.2,16.675,16.77,1255600
2024-05-24,16.74,16.88,16.48,16.55,1406300
2024-05-28,16.55,16.98,16.53,16.95,1348300
2024-05-29,16.75,17.22,16.74,17.15,1739400
2024-05-30,17.12,17.2,16.59,16.64,1859700
2024-05-31,16.67,16.99,16.65,16.89,2424000
2024-06-03,17.03,17.33,16.9,17.28,1529400
2024-06-04,17.21,17.31,17.01,17.12,873900
2024-06-05,17.18,17.52,17.01,17.32,1074700
2024-06-06,17.25,17.76,17.23,17.75,1006300
2024-06-07,17.55,18.45,17.53,18.3,1409400
2024-06-10,18.04,18.28,17.73,18.26,1095900
2024-06-11,18.15,18.38,17.9,17.96,1083300
2024-06-12,18.31,18.44,17.89,17.92,1068000
2024-06-13,17.9,17.975,17.58,17.91,1193300
2024-06-14,17.71,18.0,17.68,17.88,1241800
2024-06-17,17.87,18.33,17.77,18.32,918600
2024-06-18,18.29,18.64,18.205,18.54,983200
2024-06-20,18.72,19.01,18.52,18.79,985000
2024-06-21,18.75,18.89,18.44,18.75,1803500
2024-06-24,18.67,18.93,18.55,18.68,944800
2024-06-25,18.67,19.099,18.63,18.93,1006900
2024-06-26,18.83,19.07,18.75,18.87,1070900
2024-06-27,18.92,19.06,18.75,18.82,834300
2024-06-28,18.9,19.04,18.459,18.71,2106100
2024-07-01,18.7,18.91,18.43,18.66,843900
2024-07-02,18.68,19.25,18.49,19.18,781500
2024-07-03,19.24,19.42,18.86,18.94,359100
2024-07-05,18.92,19.47,18.78,19.45,901600
2024-07-08,19.4,19.4,18.58,18.85,1148600
2024-07-09,18.73,19.075,18.5,19.03,1125100
2024-07-10,19.09,19.4,19.0,19.27,784200
2024-07-11,19.5,19.8,19.19,19.38,919700
2024-07-12,19.51,19.63,19.155,19.41,760400
2024-07-15,19.64,19.98,19.39,19.89,844500
2024-07-16,20.0,20.69,19.94,20.63,1153800
2024-07-17,20.47,20.93,20.33,20.68,923900
2024-07-18,20.58,20.81,19.7,19.86,916300
2024-07-19,19.88,20.19,19.745,19.93,519200
2024-07-22,19.93,20.41,19.9,20.4,677500
2024-07-23,20.38,21.13,20.355,20.95,1333800
2024-07-24,20.82,21.19,20.68,20.81,899000
2024-07-25,20.99,21.47,20.76,21.2,1948800
2024-07-26,21.59,21.625,21.0,21.34,1204900
2024-07-29,21.29,21.4,20.61,20.75,1571400
2024-07-30,20.92,21.64,20.76,21.58,1208400
2024-07-31,21.51,21.82,21.12,21.35,1441900
2024-08-01,21.5,21.94,20.54,20.7,1250700
2024-08-02,20.0,20.105,19.25,19.31,1741900
2024-08-05,18.5,19.49,18.23,19.47,2861200
2024-08-06,22.01,25.15,21.925,24.18,6502900
2024-08-07,24.5,25.72,24.079,24.42,3846000
2024-08-08,24.95,25.63,24.48,25.54,2099400
2024-08-09,25.64,25.89,25.29,25.85,2451800
2024-08-12,25.85,26.21,25.3,26.15,1665700
2024-08-13,26.39,26.956,26.39,26.76,1987600
2024-08-14,26.84,27.34,26.43,27.29,1827200
2024-08-15,27.62,28.72,27.46,28.36,2683400
2024-08-16,28.0,28.565,27.64,28.27,2116500
2024-08-19,27.8,28.31,26.51,27.75,2392900
2024-08-20,27.7,28.2,27.24,28.03,1885700
2024-08-21,28.07,28.49,27.32,28.0,1308600
2024-08-22,28.03,28.86,27.81,28.04,1392100
2024-08-23,28.25,29.16,28.0,28.74,1285600
2024-08-26,28.93,29.34,28.55,28.86,2112800
2024-08-27,28.7,29.84,28.42,29.48,1535600
2024-08-28,29.13,29.5,28.746,28.78,1377100
2024-08-29,29.1,30.23,28.9,29.83,2154700
2024-08-30,29.67,30.58,29.27,30.39,2007200
2024-09-03,30.01,30.42,29.55,29.56,1490000
2024-09-04,29.5,30.11,29.33,29.81,1010000
2024-09-05,29.51,29.86,28.91,29.1,1440500
2024-09-06,29.23,29.45,28.128,28.55,1677100
2024-09-09,30.84,31.33,30.38,30.5,4233600
2024-09-10,30.53,31.013,30.16,30.29,2193200
2024-09-11,30.04,30.22,28.69,29.37,1702300
2024-09-12,29.36,30.0,29.29,29.48,1813800
2024-09-13,29.49,30.359,29.45,30.3,1594200
2024-09-16,30.4,31.515,30.4,31.16,2947900
2024-09-17,31.64,32.67,31.47,32.59,3229400
2024-09-18,32.7,33.85,32.29,32.47,2709100
2024-09-19,33.2,33.38,32.71,32.87,2305300
2024-09-20,32.91,33.15,32.126,32.85,17915700
2024-09-23,32.77,32.87,31.99,32.81,1925200
2024-09-24,32.75,33.305,32.59,32.96,1584800
2024-09-25,33.0,33.45,32.37,32.38,1451700
2024-09-26,32.78,32.85,31.945,32.13,1307900
2024-09-27,32.25,32.79,32.07,32.64,1198700
2024-09-30,32.7,33.345,32.65,33.14,1340100
2024-10-01,33.06,33.09,31.68,31.72,1728900
2024-10-02,31.5,31.75,30.17,30.55,1711700
2024-10-03,30.39,30.75,30.21,30.35,926500
2024-10-04,30.82,31.57,30.67,31.15,1305400
2024-10-07,31.15,31.29,30.55,30.88,1214100
2024-10-08,31.15,32.47,31.0,31.95,2990500
2024-10-09,31.83,33.551,31.54,33.35,2214000
2024-10-10,33.04,33.64,32.78,33.29,1116900
2024-10-11,33.35,34.21,33.25,34.18,1640800
2024-10-14,34.38,34.99,34.02,34.91,1897500
2024-10-15,35.0,35.678,34.2,35.49,2089800
2024-10-16,35.7,37.52,35.68,37.35,2380700
2024-10-17,37.67,37.9,37.1,37.33,1775700
2024-10-18,37.2,37.2,35.2,36.05,2085400
2024-10-21,36.25,36.6,35.65,36.56,1564300
2024-10-22,36.29,37.03,36.12,36.5,1499000
2024-10-23,36.28,36.415,35.08,35.27,1743700
2024-10-24,35.5,36.19,35.29,36.02,1217100
2024-10-25,36.5,37.0,35.38,35.48,1511400
2024-10-28,35.85,36.51,35.56,36.11,1184700
2024-10-29,36.27,37.01,36.03,37.0,1526200
2024-10-30,37.0,37.81,36.76,37.45,1727500
2024-10-31,37.59,38.04,36.72,36.78,2142900
2024-11-01,36.87,37.71,35.73,36.84,2312700
2024-11-04,36.6,36.665,34.43,34.77,2904700
2024-11-05,34.97,36.77,34.885,36.73,2171300
2024-11-06,38.35,38.88,38.02,38.45,2595600
2024-11-07,31.24,31.52,28.36,28.53,10239400
2024-11-08,28.17,28.26,27.25,27.77,4826200
2024-11-11,28.18,28.25,27.45,27.85,2834400
2024-11-12,28.0,28.75,27.38,27.53,2501900
2024-11-13,28.0,28.0,26.3,26.47,4521200
2024-11-14,26.45,27.21,26.423,26.91,2441100
2024-11-15,26.87,26.88,25.72,26.23,2755200
2024-11-18,26.0,26.1,25.44,25.74,2759500
2024-11-19,25.36,26.53,25.32,26.36,2078500
2024-11-20,26.47,26.82,26.0,26.79,1422700
2024-11-21,26.74,26.82,25.85,25.89,2091000
2024-11-22,26.16,26.48,25.82,26.18,2206700
2024-11-25,26.42,27.77,26.18,27.08,2182600
2024-11-26,27.01,27.38,26.55,26.72,1650000
2024-11-27,26.71,26.93,25.9,26.11,1814300
2024-11-29,26.12,26.29,25.84,25.88,851200
2024-12-02,25.97,26.01,25.3,25.76,1700900
2024-12-03,25.58,26.115,25.26,25.88,1641700
2024-12-04,26.04,27.468,25.88,27.36,1923800
2024-12-05,27.25,27.32,26.1,27.05,3514800
2024-12-06,27.46,27.76,26.88,27.07,2492700
2024-12-09,27.44,28.11,27.135,27.47,2376200
2024-12-10,27.35,28.1,27.25,27.79,1631500
2024-12-11,28.0,28.4,27.38,27.38,1678200
2024-12-12,27.35,27.435,26.501,26.98,1079900
2024-12-13,27.0,27.32,26.13,26.37,981900
2024-12-16,26.3,26.85,25.86,25.96,1945100
2024-12-17,26.03,27.22,25.91,26.67,2250100
2024-12-18,26.89,27.6,25.72,25.98,1827000
2024-12-19,26.25,26.7,25.55,25.61,1312900
2024-12-20,25.36,26.79,25.01,26.66,8541300
2024-12-23,26.76,26.95,25.95,26.86,1070900
2024-12-24,27.0,27.41,26.682,27.29,535000
2024-12-26,27.24,27.549,26.92,27.28,714100
2024-12-27,27.13,27.37,26.688,27.22,1593500
2024-12-30,26.87,27.27,26.34,27.07,830300
2024-12-31,27.33,27.6,26.55,26.64,1135300
2025-01-02,27.21,27.65,26.71,27.04,1327300
2025-01-03,27.11,27.59,27.0,27.27,1178200
2025-01-06,27.41,27.46,26.77,26.95,935300
2025-01-07,27.01,27.32,26.45,26.94,948400
2025-01-08,26.55,27.16,26.1,27.16,860800
2025-01-10,26.81,27.05,26.43,26.72,779700
2025-01-13,26.31,26.71,26.0,26.5,1709700
2025-01-14,26.61,26.842,25.4,26.48,1430000
2025-01-15,26.53,26.535,25.11,25.79,2548200
2025-01-16,25.71,26.26,25.53,26.01,1413800
2025-01-17,26.2,26.3,25.75,26.04,1136600
2025-01-21,26.32,26.32,24.63,25.0,3034600
2025-01-22,25.01,25.15,24.35,24.61,2560900
2025-01-23,24.61,24.61,23.57,24.07,3296700
2025-01-24,24.19,24.33,23.81,24.19,1527800
2025-01-27,23.75,24.5,23.73,24.05,1548300
2025-01-28,24.17,24.5,23.91,24.07,1392700
2025-01-29,23.93,23.965,23.05,23.37,2008900
2025-01-30,23.32,23.51,23.11,23.47,1106700
2025-01-31,23.7,23.865,23.28,23.67,1459800
2025-02-03,23.19,23.72,23.04,23.52,1014500
2025-02-04,23.81,23.81,23.36,23.47,1170000
2025-02-05,23.59,23.76,22.97,23.02,1397300
2025-02-06,23.13,23.229,22.77,23.11,1653100
2025-02-07,23.41,23.65,23.08,23.2,1396500
2025-02-10,23.24,23.62,22.96,23.0,1140000
2025-02-11,22.99,23.29,22.91,23.13,1289200
2025-02-12,22.78,24.515,22.768,24.19,2465800
2025-02-13,24.37,24.421,23.765,23.98,1358300
2025-02-14,23.9,23.945,22.54,22.54,1949400
2025-02-18,22.61,23.18,22.3,22.95,2697500
2025-02-19,22.625,23.13,22.0,22.12,1507700
2025-02-20,22.13,22.44,21.67,22.39,1953200
2025-02-21,23.0,24.314,22.7,23.55,4064300
2025-02-24,23.6,24.26,23.25,24.13,2510800
2025-02-25,24.04,24.481,22.85,23.77,4138500
2025-02-26,25.06,25.125,21.75,22.23,6240200
2025-02-27,22.23,23.24,21.941,22.55,3832600
2025-02-28,22.31,23.796,22.226,23.71,3477500
2025-03-03,23.83,24.58,23.65,23.77,3134200
2025-03-04,23.51,24.49,23.06,24.17,2658600
2025-03-05,24.21,25.275,24.21,25.0,4321700
2025-03-06,24.92,25.43,24.86,25.12,2880700
2025-03-07,25.01,25.91,24.95,25.64,3398700
2025-03-10,25.13,25.85,25.02,25.3,2445100
2025-03-11,25.5,25.75,24.73,25.16,3265600
2025-03-12,25.35,25.65,24.82,25.02,2413300
2025-03-13,25.04,25.16,24.5,24.92,2211300
2025-03-14,25.08,25.355,23.78,24.52,3064200
2025-03-17,24.72,26.455,24.72,26.37,2383000
2025-03-18,26.0,26.98,25.67,26.55,2396200
2025-03-19,26.65,27.94,26.5,27.62,2673600
2025-03-20,27.3,28.04,26.6,26.62,1948200
2025-03-21,26.43,26.43,25.489,25.68,8030000
2025-03-24,25.94,26.6,25.65,26.5,2321500
2025-03-25,26.6,27.66,26.445,27.51,1820900
2025-03-26,27.39,27.89,26.66,27.05,1633100
2025-03-27,27.03,27.325,26.46,27.25,1297600
2025-03-28,27.04,27.48,26.13,26.55,1029600
2025-03-31,26.07,26.365,25.52,25.91,2016600
2025-04-01,26.12,26.13,25.01,25.8,1224000
2025-04-02,25.39,26.565,25.2,26.34,1361000
2025-04-03,25.3,25.68,24.89,25.27,2522500
2025-04-04,24.01,25.33,23.92,24.89,2674200
2025-04-07,23.5,25.56,23.0,24.55,2842200
2025-04-08,25.26,25.26,23.69,23.96,3081000
2025-04-09,23.73,26.73,23.531,26.19,3282700
2025-04-10,26.0,26.2,25.31,25.89,1563700
2025-04-11,25.85,27.11,25.38,27.02,1196400
2025-04-14,27.65,28.41,26.798,27.32,1315900
2025-04-15,27.25,27.42,26.645,27.19,1682600
2025-04-16,26.93,27.3,26.07,26.26,1446400
2025-04-17,26.515,26.86,26.074,26.7,937400
2025-04-21,26.6,26.815,24.39,24.93,1895100
2025-04-22,24.93,25.715,24.89,25.64,1210700
2025-04-23,26.2,26.83,25.07,25.75,1670300
2025-04-24,25.74,26.17,25.36,25.75,1468200
2025-04-25,25.7,25.98,25.28,25.31,1048000
2025-04-28,25.43,25.8,24.82,25.06,1660000
2025-04-29,25.15,25.472,24.97,25.31,1609900
2025-04-30,24.305,24.93,23.76,24.68,3775100
2025-05-01,25.02,25.41,24.22,24.4,2545000
2025-05-02,24.61,25.29,24.34,25.15,1934900
2025-05-05,24.96,25.3,24.78,25.12,1788000
2025-05-06,24.87,26.44,24.81,26.17,1603400
2025-05-07,26.51,26.665,26.145,26.28,2373300
2025-05-08,24.5,25.42,23.901,24.28,5760900
2025-05-09,24.54,25.2,23.925,24.1,1753100
2025-05-12,24.75,25.065,24.41,24.63,3057200
2025-05-13,24.74,25.38,24.37,24.97,2057200
2025-05-14,24.93,25.22,24.64,25.22,2173100
2025-05-15,25.13,25.25,24.5,24.64,2064000
2025-05-16,24.615,24.9,24.04,24.63,1789000
2025-05-19,24.52,24.925,24.425,24.73,1626100
2025-05-20,24.74,25.41,24.38,25.17,2232600
2025-05-21,25.0,25.6,24.945,25.19,1840900
2025-05-22,25.22,25.63,25.1,25.43,1645800
2025-05-23,25.1,25.27,23.88,23.98,2563700
2025-05-27,24.13,24.53,23.98,24.47,1601400
2025-05-28,24.52,24.65,24.195,24.36,1082800
2025-05-29,24.6,24.7,24.11,24.31,885700
2025-05-30,24.4,24.815,24.07,24.75,1406800
2025-06-02,24.74,25.13,24.59,25.07,1513500
2025-06-03,25.09,26.17,24.873,26.05,1612100
2025-06-04,26.23,26.36,25.69,25.82,1208100
2025-06-05,25.86,26.16,25.67,25.96,1062100
2025-06-06,26.2,26.215,25.805,26.17,1028800
2025-06-09,26.39,26.54,26.075,26.23,1303600
2025-06-10,26.18,26.425,25.87,25.96,1089900
2025-06-11,25.95,26.15,25.5,25.5,989300
2025-06-12,25.33,25.47,24.845,25.39,1102200
2025-06-13,25.25,25.37,24.3,24.4,1186500
2025-06-16,24.47,24.96,24.265,24.36,1691700
2025-06-17,24.19,24.71,24.06,24.54,1124900
2025-06-18,24.41,25.18,24.41,24.62,1588800
2025-06-20,24.75,25.36,24.63,25.14,3089300
2025-06-23,25.05,26.29,24.9,26.29,1643400
2025-06-24,26.31,26.635,26.08,26.6,1576100
2025-06-25,26.64,26.96,26.34,26.91,1454700
2025-06-26,26.81,27.36,26.507,27.3,1579700
2025-06-27,27.39,28.28,27.25,27.62,2758600
2025-06-30,27.73,27.91,27.27,27.76,2008700
2025-07-01,27.75,28.37,27.23,27.98,2404000
2025-07-02,27.94,28.64,27.69,28.61,1337700
2025-07-03,28.49,29.151,28.375,29.0,802400
2025-07-07,28.96,29.47,28.57,28.7,1656800
2025-07-08,28.68,28.8,28.06,28.61,1536100
2025-07-09,28.4,28.82,28.159,28.53,1336800
2025-07-10,28.68,29.45,28.26,29.09,1994000
2025-07-11,29.09,29.11,28.21,28.38,1256000
2025-07-14,28.45,28.84,28.275,28.76,993600
2025-07-15,28.81,29.29,28.7,28.97,1257100
2025-07-16,29.3,29.87,29.16,29.52,1330000
2025-07-17,29.63,31.55,29.63,31.17,2734800
2025-07-18,31.24,31.489,30.13,30.37,1805800
2025-07-21,30.31,30.39,29.47,29.54,1108300
2025-07-22,29.54,30.055,29.47,29.85,1638500
2025-07-23,29.95,30.86,29.95,30.8,1951300
2025-07-24,30.68,30.8,29.94,29.96,1134800
2025-07-25,29.96,30.0,29.61,29.73,916300
2025-07-28,29.8,30.54,29.71,30.1,1055400
2025-07-29,30.25,30.568,29.51,29.64,817700
2025-07-30,29.58,29.94,29.41,29.74,938600
2025-07-31,29.44,29.77,29.07,29.41,1269700
2025-08-01,29.12,29.175,28.39,28.84,1725700
2025-08-04,29.12,30.44,29.08,29.99,2979900
2025-08-05,31.3,34.24,30.78,31.84,5636600
2025-08-06,31.88,32.63,31.61,32.51,1921100
2025-08-07,32.75,32.79,31.17,31.93,1400800
2025-08-08,32.03,32.46,31.69,32.02,1582700
2025-08-11,31.98,32.54,31.86,32.11,1368200
2025-08-12,32.46,33.546,32.26,33.29,1642200
2025-08-13,33.37,34.49,33.05,34.12,1530300
2025-08-14,33.97,34.34,33.66,33.79,1037200
2025-08-15,33.85,33.974,32.91,33.53,1544400
2025-08-18,33.5,33.61,33.025,33.5,1153300
2025-08-19,33.89,34.27,33.55,34.0,1472400
2025-08-20,33.76,34.12,33.44,33.58,1904100
2025-08-21,33.36,35.03,33.15,34.72,2274200
2025-08-22,34.69,36.425,34.665,36.36,1922800
2025-08-25,36.09,36.35,35.84,36.03,933000
2025-08-26,35.93,36.45,35.83,36.37,1807600
2025-08-27,36.38,36.81,36.128,36.55,1676400
2025-08-28,36.68,37.35,36.33,36.87,1357500
2025-08-29,37.07,37.2,36.14,36.31,2008700
2025-09-02,35.56,36.58,35.077,35.83,1994300
2025-09-03,35.89,36.68,35.86,36.0,1364000
2025-09-04,35.95,36.16,35.18,35.52,1360300
2025-09-05,35.42,35.55,34.5,34.91,1026600
2025-09-08,34.65,34.84,33.715,34.78,1749200
2025-09-09,35.03,36.695,35.0,36.67,1877700
2025-09-10,36.69,36.82,35.535,36.29,1471300
2025-09-11,36.38,37.57,36.03,37.29,1437600
2025-09-12,37.39,37.59,36.855,37.34,1451100
2025-09-15,37.51,38.11,37.37,37.82,1181900
2025-09-16,38.08,38.8,37.6,37.8,1881700
2025-09-17,37.9,38.0,36.4,36.87,1329800
2025-09-18,37.0,37.49,36.71,37.07,1709800
2025-09-19,37.1,38.12,36.63,37.95,3658700
2025-09-22,37.84,39.0,37.76,38.03,1300100
2025-09-23,38.1,38.359,36.77,37.07,1818100
2025-09-24,37.43,37.47,36.622,36.75,1234900
2025-09-25,36.69,36.69,36.02,36.4,1207500
2025-09-26,36.43,36.66,35.97,36.63,870900
2025-09-29,36.9,37.02,36.105,36.41,1430400
2025-09-30,36.34,36.37,33.37,33.38,2665300
2025-10-01,33.02,33.28,31.59,31.74,2816500
2025-10-02,31.7,31.7,30.94,31.54,2064700
2025-10-03,31.26,32.175,31.26,31.77,1547100
2025-10-06,32.01,32.41,30.64,31.03,1917700
2025-10-07,31.0,31.86,30.77,30.9,3292800
2025-10-08,30.83,31.16,29.92,30.31,2916900
2025-10-09,30.53,31.0,29.8,30.99,3194200
2025-10-10,31.06,31.203,29.435,29.61,1467400
2025-10-13,30.02,30.745,29.99,30.52,1548800
2025-10-14,30.19,31.16,29.97,31.13,935400
2025-10-15,31.26,31.755,31.13,31.59,1484800
2025-10-16,31.67,31.89,30.64,30.95,878500
2025-10-17,30.89,31.35,30.855,31.28,936200
2025-10-20,31.36,31.81,31.36,31.72,779100
2025-10-21,31.6,32.205,31.03,32.17,972400
2025-10-22,32.09,32.62,32.025,32.52,1376200
2025-10-23,32.7,32.87,32.37,32.42,777000
2025-10-24,32.64,32.716,30.5,31.3,1788700
2025-10-27,31.46,32.106,31.4,31.84,1013600
2025-10-28,31.84,32.3,31.55,32.18,1168400
2025-10-29,31.86,31.86,30.94,31.2,1013800
2025-10-30,30.93,31.47,30.83,31.2,725800
2025-10-31,31.3,31.38,30.45,30.47,1546300
2025-11-03,30.63,30.94,30.23,30.86,1512700
2025-11-04,30.52,30.985,30.26,30.73,1425200
2025-11-05,30.87,32.52,30.76,31.79,3253200
2025-11-06,36.605,36.605,31.67,32.02,2325100
2025-11-07,32.37,36.9,31.81,36.08,3850200
2025-11-10,36.09,36.855,35.79,36.58,2246700
2025-11-11,36.46,37.99,36.46,37.25,1779500
2025-11-12,37.4,38.23,36.98,38.14,1611000
2025-11-13,38.035,38.71,37.74,38.04,1954800
2025-11-14,37.35,37.56,36.1,36.65,1487000
2025-11-17,36.665,36.76,34.77,35.25,1332500
2025-11-18,35.0,35.68,34.66,34.94,1197200
2025-11-19,34.79,35.18,34.05,34.12,1073300
2025-11-20,34.02,34.58,33.73,33.98,1325200
2025-11-21,33.91,35.93,33.269,35.85,1523300
2025-11-24,35.61,36.95,34.71,35.8,1603500
2025-11-25,35.99,36.96,35.625,35.73,1380800
2025-11-26,35.7,36.39,35.465,35.52,1113800
2025-11-28,35.36,35.86,35.36,35.5,672900
2025-12-01,35.49,35.79,34.37,34.53,1127900
2025-12-02,35.08,35.148,34.34,34.89,833500
2025-12-03,34.79,34.82,33.485,33.51,1030800
2025-12-04,33.6,33.815,32.93,32.97,1127100
2025-12-05,33.61,33.785,33.12,33.5,858000
2025-12-08,33.5,33.97,32.38,32.57,1272100
2025-12-09,35.7,36.92,34.69,35.25,2968900
2025-12-10,34.83,35.92,34.6,35.77,1853600
2025-12-11,35.86,36.51,35.64,36.26,1521200
2025-12-12,38.345,42.07,38.345,41.08,5470200
2025-12-15,41.25,42.29,38.76,38.87,2778100
2025-12-16,39.97,39.97,38.61,39.23,1509100
2025-12-17,39.37,40.24,38.96,39.25,1431400
2025-12-18,39.42,39.84,38.33,38.36,1346100
2025-12-19,38.17,38.34,36.58,36.98,3361600
2025-12-22,37.0,37.35,36.54,36.97,1292600
2025-12-23,36.82,37.42,36.15,36.5,1208100
2025-12-24,36.5,36.565,36.15,36.2,697700
2025-12-26,36.17,36.325,35.69,35.85,576700
2025-12-29,35.62,35.84,35.09,35.32,644500
2025-12-30,35.32,35.72,35.161,35.32,778900
2025-12-31,35.2,35.52,35.07,35.08,1177100
2026-01-02,35.0,35.06,34.315,34.38,1013100
2026-01-05,34.55,36.63,34.05,35.49,1912100
2026-01-06,35.72,35.93,34.85,35.93,1825800
2026-01-07,36.0,36.44,34.93,35.82,876700
2026-01-08,35.93,36.865,35.43,36.43,1073100
2026-01-09,36.53,36.695,35.91,36.46,831500
2026-01-12,36.26,36.36,34.81,35.0,930600
2026-01-13,34.94,35.21,33.77,33.97,1717100
2026-01-14,33.94,34.21,33.25,33.75,1299900
2026-01-15,33.94,34.24,33.53,34.13,980700
2026-01-16,34.07,35.665,34.07,34.92,2294800
2026-01-20,34.56,35.012,34.21,34.63,1577200
2026-01-21,34.8,34.924,33.77,34.51,1385500
2026-01-22,34.87,35.73,34.75,35.44,1390900
2026-01-23,35.37,35.77,34.89,35.35,981700
2026-01-26,35.44,36.09,34.92,35.01,1450100
2026-01-27,34.92,34.92,34.012,34.34,761100
2026-01-28,34.35,34.77,33.415,33.48,942700
2026-01-29,33.0,33.08,32.16,32.92,1008200
2026-01-30,32.73,32.99,32.28,32.62,1106700
2026-02-02,32.96,33.29,32.5,32.71,1702200
2026-02-03,32.3,32.43,31.35,31.67,1448800
2026-02-04,31.35,31.82,30.98,31.78,2057400
2026-02-05,31.65,33.5,31.63,32.59,1506800
2026-02-06,33.08,33.815,32.54,33.76,1547300
2026-02-09,33.82,33.845,32.985,33.02,1306500
2026-02-10,33.32,33.69,32.57,32.85,929700
2026-02-11,32.83,32.867,31.77,32.54,1352500
2026-02-12,32.55,33.3,32.275,32.62,1370600
2026-02-13,32.68,32.73,31.81,32.5,1307700
2026-02-17,32.82,32.87,32.2,32.5,1543200
2026-02-18,32.45,33.45,32.22,33.34,1330100
2026-02-19,33.32,33.88,33.0,33.5,1089300
2026-02-20,33.33,34.28,32.98,34.27,1280800
2026-02-23,34.0,34.01,32.49,32.73,2396000
2026-02-24,32.37,33.74,32.2,33.47,1609800
2026-02-25,40.06,46.63,38.063,46.51,9453800
2026-02-26,46.93,50.459,46.25,47.12,3785200
2026-02-27,46.35,49.88,45.59,48.64,3757200
2026-03-02,48.46,49.07,47.54,48.04,2126600
2026-03-03,46.92,50.349,46.85,48.92,1954300
2026-03-04,49.25,49.81,47.435,48.4,1844600
2026-03-05,48.67,49.34,46.72,47.42,1864100
2026-03-06,47.08,47.241,45.87,46.18,1596000
2026-03-09,45.97,46.37,44.55,46.23,1401200
2026-03-10,46.25,47.36,45.07,45.88,1791800
2026-03-11,46.08,46.329,44.56,44.79,1163700
2026-03-12,44.32,45.4,43.63,44.81,1425600
2026-03-13,45.11,45.55,43.8,44.63,1150900
2026-03-16,45.14,46.76,44.53,46.75,1024000
2026-03-17,46.54,48.8,46.23,48.1,1123500
2026-03-18,48.11,49.348,47.56,48.54,1426700
2026-03-19,48.07,49.16,47.71,48.79,969000
2026-03-20,48.64,48.64,47.163,48.12,2263900
2026-03-23,49.2,53.5,49.2,53.46,2891600
2026-03-24,53.0,56.3,52.6,53.53,3837500
2026-03-25,54.35,55.15,53.62,54.48,1675200
2026-03-26,54.6,56.51,52.5,53.4,3081300
2026-03-27,51.33,51.79,46.914,47.44,3914700
2026-03-30,47.16,49.99,47.12,49.05,2019800
2026-03-31,49.48,49.91,48.35,48.41,2112700
2026-04-01,49.14,49.84,48.08,49.09,1344300
2026-04-02,48.35,51.57,47.434,51.36,1180200
2026-04-06,51.36,52.55,50.31,51.77,1235400
2026-04-07,51.72,53.85,51.51,52.62,1911200
2026-04-08,54.1,54.77,50.37,50.41,1989700
2026-04-09,50.21,51.035,48.126,48.99,1512700
2026-04-10,48.76,48.76,45.38,46.17,1723100
2026-04-13,46.33,48.61,46.17,48.52,1123900
2026-04-14,48.74,49.96,47.89,48.39,851200
2026-04-15,48.7,51.27,48.51,51.1,1050000
2026-04-16,51.61,53.12,51.51,52.05,1391300
2026-04-17,52.46,53.32,51.86,53.03,1338100
2026-04-20,52.7,56.9,52.285,56.83,2123300
2026-04-21,56.335,59.515,55.53,58.39,2283100
2026-04-22,58.82,59.41,55.5,56.99,1598300
2026-04-23,56.0,56.0,52.245,53.75,2122700
2026-04-24,53.6,54.998,53.59,54.81,825400
2026-04-27,55.25,55.713,54.448,54.74,829900
2026-04-28,55.37,55.95,53.67,53.77,767400
2026-04-29,53.58,54.99,53.13,53.33,1072500
2026-04-30,53.28,53.49,52.01,53.39,962000
2026-05-01,54.37,55.39,53.692,54.98,1219100
2026-05-04,55.02,56.67,54.5,56.23,1202000
2026-05-05,56.155,59.56,55.01,58.77,3158100
2026-05-06,55.54,61.28,53.36,60.94,2988400
2026-05-07,59.52,61.68,56.51,58.17,3089400
2026-05-08,58.41,60.0,54.38,56.81,1787300
2026-05-11,56.9,57.94,56.33,56.89,1716000
2026-05-12,56.9,58.5,55.6,57.64,1492600
2026-05-13,57.63,57.985,54.68,55.54,1398100
2026-05-14,55.97,58.39,54.24,57.21,1110900
2026-05-15,57.08,60.0,57.0,58.89,1077300
2026-05-18,58.2,60.81,58.08,59.18,1657900
2026-05-19,60.05,60.34,58.32,60.14,1187700
2026-05-20,60.29,62.22,59.375,62.01,1238800
2026-05-21,61.28,62.0,60.05,61.1,1039300
2026-05-22,61.54,62.2,59.31,60.06,1265300
2026-05-26,60.6,62.73,59.406,62.36,1526900
2026-05-27,61.46,61.46,56.08,56.54,1718300
2026-05-28,56.75,57.7,55.43,56.72,1074300
2026-05-29,56.68,57.17,55.16,55.45,1810800
2026-06-01,55.24,57.54,55.24,57.43,1401400
2026-06-02,56.2,58.018,55.91,56.78,1080200
2026-06-03,55.84,56.345,54.76,56.08,852500
2026-06-04,56.32,57.13,54.44,54.48,1024700
2026-06-05,54.53,55.94,53.71,54.52,1603500
2026-06-08,54.07,55.74,53.0,54.98,1097300
2026-06-09,54.11,54.58,51.79,53.19,1719100
2026-06-10,52.34,53.82,51.42,51.97,1660400
2026-06-11,52.05,52.05,50.35,51.0,1346100
2026-06-12,51.0,51.301,49.51,50.25,936300
2026-06-15,50.56,51.95,49.5,51.66,2470100
2026-06-16,51.52,53.09,50.56,52.76,1854400
2026-06-17,53.16,53.16,50.66,50.77,1030600
2026-06-18,50.22,51.55,49.96,51.45,2466300
2026-06-22,50.68,52.07,50.41,51.96,1166300
2026-06-23,51.505,53.45,51.45,52.73,1116100
2026-06-24,51.82,53.77,51.79,52.95,1644100
2026-06-25,52.42,53.46,51.7,53.18,1083000
2026-06-26,53.4,55.41,52.43,55.17,4033300
2026-06-29,55.34,57.5,54.765,56.03,1828200
2026-06-30,55.66,56.48,54.71,55.73,1781100
2026-07-01,56.65,57.08,55.02,55.66,1250700
2026-07-02,55.24,57.11,52.52,53.79,1527200
2026-07-06,53.25,57.34,52.797,56.74,1620700
2026-07-07,57.96,58.81,55.355,55.91,1541300
2026-07-08,55.25,55.791,54.0,55.48,1228600
2026-07-09,55.0,56.47,54.04,56.12,744100
2026-07-10,56.81,56.855,53.42,55.22,815900
2026-07-13,55.67,55.71,52.7,53.08,1460500
2026-07-14,52.04,53.939,51.66,53.54,1186000
2026-07-15,53.96,54.76,52.76,54.65,765900
2026-07-16,54.26,55.445,54.18,54.43,711700
2026-07-17,53.48,56.18,53.36,56.03,997200
2026-07-20,55.41,57.79,55.41,57.18,1059600
2026-07-21,56.66,57.49,56.198,56.9,803500
2026-07-22,56.51,56.58,52.225,52.3,1347500
2026-07-23,52.07,52.47,51.24,51.85,1013300
2026-07-24,52.98,53.31,51.79,52.24,648400
2026-07-27,53.5,55.79,52.82,53.23,625300
2026-07-28,53.1,54.68,51.52,53.84,1058900
2026-07-29,53.97,59.97,53.71,58.39,2369800
2026-07-30,57.56,58.27,55.8,56.1,1572400
2026-07-31,55.72,56.04,53.62,55.24,1353200
2026-08-03,55.25,56.28,54.67,55.15,884800
2026-08-04,54.75,56.25,54.25,55.73,1849400
2026-08-05,64.77,69.07,55.811,56.46,3991500
2026-08-06,56.48,56.77,52.01,53.02,1988100
2026-08-07,53.3,54.16,51.0,51.29,2102700
2026-08-10,50.43,53.3,50.37,51.21,1934600
2026-08-11,51.07,51.47,48.0,48.28,2184700
2026-08-12,47.95,48.59,46.11,46.16,2341200
2026-08-13,46.34,46.49,44.76,45.67,2048900
2026-08-14,45.7,45.93,44.96,45.45,962500
2026-08-17,45.08,45.248,43.78,43.84,2419600
2026-08-18,44.51,44.735,43.69,44.61,1969100
2026-08-19,44.49,45.27,44.14,44.3,1763200
2026-08-20,44.46,44.803,42.71,42.9,1777200
2026-08-21,42.94,43.51,42.74,43.29,1286700
2026-08-24,43.38,45.23,43.38,44.7,1641100
2026-08-25,44.86,45.28,43.395,44.29,1621100
2026-08-26,44.29,45.77,44.01,44.25,1610100
2026-08-27,44.85,45.03,43.5,44.13,1449100
2026-08-28,43.86,45.73,42.88,43.43,1731200
2026-08-31,43.67,44.34,42.85,44.15,1583700
2026-09-01,43.68,44.11,42.92,42.97,1804000
2026-09-02,42.98,44.91,42.75,44.03,2016800
2026-09-03,44.47,45.011,43.93,44.59,1362200
2026-09-04,44.35,44.545,43.7,44.33,1256200
2026-09-08,43.85,44.3,43.0,43.6,1207500
2026-09-09,43.26,43.58,42.82,43.17,1372300
2026-09-10,42.77,43.71,42.53,42.74,1370900
2026-09-11,42.26,43.005,42.14,42.23,1282100
